"reported_name","matched_production_name","reported_balance","production_balance","difference_production_minus_reported","repayments_recorded_since_cutover","production_cutover_balance","positive_loan_count","name_match_distance"
"Nuwamanya Jannat","Nuwamanya Jannat",140000,140000,0,80000,220000,1,0
"Turyatunga Mable","Turyanuga Mable",60000,68000,8000,48000,116000,1,2
"Nampurira Shallon","Nampurira Shallon",48000,16000,-32000,176000,192000,1,0
"Nayebare Hilda","Nayebare Hildah",30000,34000,4000,64000,98000,1,1
"Mutatina Israel","Mutatiina Israel",164000,44000,-120000,26000,70000,1,1
"Asiimwe Justus","Asimwe Justus",170000,178000,8000,30000,208000,1,1
"Kembabazi Hellen","Kembabazi Hellen",160000,0,-160000,0,0,0,0
"Atukwatza Caroline","Atukwtsa caroline",0,0,0,88000,88000,0,2
"Nuwamanya Cranimar","NUwamanya Cranimar",840000,880000,40000,280000,1160000,1,0
"Nyangoma Rosette","Nyangoma Roset",48000,64000,16000,128000,192000,1,2
"Nabukalu Monic","Nabukalu Monic",248000,248000,0,60000,308000,1,0
"Natukunda Agnes","Natukunda Agnes",2630000,2630000,0,480000,3110000,1,0
"Marembo David","Marembo David",1000,12000,11000,16000,28000,1,0
"Nuwahereza Moneck","Nuwahereza Moneck",0,0,0,146000,146000,0,0
"Nalugwa Pauline","Nalugwa Pauline",160000,154000,-6000,109000,263000,1,0
"Ahimbisibwe Annet","Ahimbisibwe Annat",3360000,3360000,0,1150000,4510000,1,1
"Babigamba Hamidu","Babigamba Hamidu",66000,66000,0,30000,96000,1,0
"Turyatunga Vicensio","Turyatunga Vicensio",169000,155000,-14000,99000,254000,1,0
"Amanyire Medrine","Atucungura medrine",352000,342000,-10000,170000,512000,1,7
"Banyanga Sam","Banyanga Sam",252000,242000,-10000,82000,324000,1,0
"Atwebembeire Apophia","Atwebembeire Apophia",78000,70000,-8000,55000,125000,1,0
"Kyabagye Scovia","Kyabagye Scovia",33000,32000,-1000,26000,58000,1,0
"Bamwiine Alex","Bamwiine Alex",176000,184000,8000,40000,224000,1,0
"Sande John","Sande John",181000,170000,-11000,94000,264000,1,0
"Arinaitwe Ameria","Arinaitwe Ameria",55000,65000,10000,29000,94000,1,0
"Barigahare Boniface","Barigahare Boniface",297000,221000,-76000,106000,327000,1,0
"Kasipi Margret","Kasipi Margret",30000,30000,0,33000,63000,1,0
"Ainembabazi Ronah","Ainembabazi Ronah",178000,168000,-10000,52000,220000,1,0
"Asasira Catherine","Asasira Catherine",273000,307000,34000,94000,401000,1,0
"Mwebembezi Adellah","Mwebembezi Adellah",279000,283000,4000,135000,418000,1,0
"Asiimwe Akim","Asiimwe Akiimu",114000,111000,-3000,0,111000,1,2
"Nuwagaba Alex","Nuwagaba Abas",160000,170000,10000,0,170000,1,3
"Kwesiga Nathan","Kwesiga Nathan",82000,77000,-5000,0,77000,1,0
"Tushemereirwe Peace","Tushemereirwe Peace",34000,20000,-14000,83000,103000,1,0
"Kyomugisha Allen","Kyomugisha Allen",239000,251000,12000,61000,312000,1,0
"Kamwesigye Gideon","Kamwesiga Gideon",116000,118000,2000,70000,188000,1,2
"Ayebare Medard","Ayebare Medard",150000,166000,16000,34000,200000,1,0
"Ainebyoona Leonard","Ainebyoona Leonald",275000,270000,-5000,110000,380000,1,1
"Ninsiima Banabas","Ninsiima Banabas",58000,220000,162000,120000,340000,1,0
"Tusasiime Adah","Tusasirwe Adah",134000,100000,-34000,0,100000,1,2
"Karungyi Phionah","Karungyi Phionah",20000,0,-20000,5000,5000,0,0
"Kabagyenzi Lillian","Kabacunguzi Lillian",180000,130000,-50000,20000,150000,1,5
"Nuwahine James","Nuwabiine James",121000,115000,-6000,0,115000,1,2
"Kyarukutamba Shallon","Kyokutamba Shallon",33000,101000,68000,0,101000,1,3
"Kashaagire Stellah","Kashagire Stellah",173000,168000,-5000,0,168000,1,1
"Aryasingura Emmanuel","Aryasingura Emmanuel",42000,39000,-3000,0,39000,1,0
"Ainembabazi Zahara","Ainembabazi Zaharah",92000,108000,16000,0,108000,1,1
"Nayebare Judith","Nayebare Judith",89000,81000,-8000,0,81000,1,0
"Amhaire Loyce","Atuhaire Loyce",158000,156000,-2000,0,156000,1,2
"Muhini Goreth","Mujuni Gorette",14000,4000,-10000,0,4000,1,4
"Kyomukama Mauda","Kyomukama Mauda",65000,71000,6000,0,71000,1,0
"Bakashaba Daniel","Bakashaba Daniel",5000,30000,25000,47000,77000,1,0
