source_row,source_number,client_name,confirmed_balance
3,1,Nuwamanya Janate,140000
4,2,Turyatunga Mable,60000
5,3,Nampurira Shallon,48000
6,4,Nayebale Hilda,30000
7,5,Mutatina Israel,164000
8,6,Asiimwe Justus,170000
9,7,Kembabazi Hellen,160000
10,8,Atukwatsa Caroline,0
11,9,Nuwamanya Cranimer,840000
12,10,Nyangoma Rossette,48000
13,11,Nabukalu Monic,248000
14,12,Natukunda Agnes,2630000
15,13,Marenbo David,1000
16,14,Nuwahereza Moneck,0
17,15,Nalugwa Pauline,160000
18,16,Ahimbisibwe Anati,3360000
19,17,Owembabazi Lillian,260000
20,18,Babigambe Hamidu,66000
21,19,Turyatunga Vicensio,169000
22,20,Atucungwire Medrine,357000
23,21,Banyanga Sam,252000
24,22,Atwebembeire Apophia,78000
25,23,Kyabayge Scovia,32000
26,24,Bemwine Alex,176000
27,25,Sunde John,181000
28,26,Arinaitwe Ameria,55000
29,27,Ainembabazi Doreen,365000
30,28,Ninsiima Allen,69000
31,29,Barugahare Boniface,297000
32,30,Kasipi Margret,30000
33,32,Ainembabazi Ronah,178000
34,33,Asasira Catherine,273000
35,34,Nshemereirwe Irene,60000
36,35,Mwebembezi Adellah,279000
37,36,Asiimwe Akim,114000
38,37,Nuwagaba Abas,160000
39,38,Kwesiga Nathan,82000
40,39,Tushemereirwe Peace,20000
41,40,Kyomugisha Allen,239000
42,41,Kamwesigye Gideon,116000
43,42,Ayebare Medard,150000
44,43,Nuwagira Tomson,1981000
45,44,Ainebyona Leonard,275000
46,45,Barunaba Karuhanga,58000
47,46,Tusasirwe Adah,134000
48,47,Karungi Phionah,20000
49,48,Kabacunguzi Lillian,180000
50,49,Nuwabine James,121000
51,50,Kyokutamba Shallon,33000
52,51,Kashagire Stellah,173000
53,52,Aryasigura Emmanuel,42000
54,53,Ainembabazi Zahara,92000
55,54,Nayebare Judith,89000
56,55,Atuhaire Loyce,158000
57,56,Mujuni Gorett,14000
58,57,Kyomukama Mauda,65000
59,,Bakashaba Daniel,5000
